"Hospital name","Mean wait time (hours)"
"EYE HOSPITAL","5.473"
"SKIN HOSPITAL","5.473"
"WEST MENDIP HOSPITAL","5.294"
"FAIRFIELD GEN HOSPITAL","5.383"
"ROYAL ALEXANDRA HOSPITAL","5.071"
"SUSSEX EYE HOSPITAL","5.071"
"LEWES VICTORIA HOSPITAL","4.811"
"WARWICK HOSPITAL","4.344"
"ELLEN BADGER HOSPITAL","4.023"
"LEIGHTON HOSPITAL","6.453"
"BURTON HOSPITAL","5.717"
"THE ROYAL LONDON HOSPITAL","5.989"
"SUSSEX NUFFIELD HOSPITAL","5.071"
"HOLSWORTHY HOSPITAL","5.554"
"STRATTON HOSPITAL","5.906"
"ILFRACOMBE HOSPITAL","4.844"
"BIDEFORD HOSPITAL","5.151"
"INDUSTRIAL ZONE FORMER YARDLEY GREEN HOSPITAL","5.035"
"AMERSHAM COMMUNITY HOSPITAL CDC","4.511"
"STOKE MANDEVILLE HOSPITAL","4.661"
"ROSS COMMUNITY HOSPITAL","5.423"
"WALTON HOSPITAL","5.502"
"WOKING HOSPITAL","3.866"
"WEYBRIDGE HOSPITAL","4.139"
"KINGSTON HOSPITAL","5.132"
"FIELDING PALMER HOSPITAL","5.231"
"WHARFEDALE HOSPITAL","4.308"
"BARKING COMMUNITY HOSPITAL CDC","5.421"
"ST.ANN'S HOSPITAL","3.713"
"DENTAL HOSPITAL","5.244"
"PALMER COMMUNITY HOSPITAL","5.492"
"THE ROYAL OLDHAM HOSPITAL","5.383"
"ST RICHARDS HOSPITAL","5.071"
"WESTON PARK HOSPITAL","6.544"
"NORTHERN GENERAL HOSPITAL","4.985"
"CWFT SURGICAL HUB - ROYAL MARSDEN HOSPITAL","3.603"
"BARTS VACCINE CENTRE HOSPITAL - AZD2816 COVID19 TRIALS","5.078"
"LISTER HOSPITAL","5.911"
"MARLOW HOSPITAL","4.511"
"ROYAL BROMPTON HOSPITAL","5.056"
"CREWKERNE HOSPITAL","5.294"
"MINEHEAD COMM HOSPITAL","5.294"
"WILLITON HOSPITAL","5.294"
"BRIDGWATER HOSPITAL","5.294"
"BURNHAM ON SEA HOSPITAL","4.859"
"PAIGNTON HOSPITAL","5.304"
"BRIXHAM HOSPITAL","5.784"
"TOTNES HOSPITAL","5.304"
"HAREFIELD HOSPITAL","4.974"
"GSTT @ CLEVELAND CLINIC LONDON HOSPITAL","4.974"
"BMI - THE BEARDSWOOD HOSPITAL","4.669"
"KINGS COLLEGE HOSPITAL - MODERNA COVID19 TRIALS","5.396"
"QE SURGERY AT FREEMAN HOSPITAL","5.46"
"THE PINES HOSPITAL","6.544"
"RIPON COMM HOSPITAL","3.939"
"CHELTENHAM GENERAL HOSPITAL","4.671"
"ROWLEY REGIS HOSPITAL","4.86"
"ST MICHAELS HOSPITAL","5.244"
"CUH AT DODDINGTON HOSPITAL","5.93"
"THE CHERWELL HOSPITAL","4.478"
"BHRUT - KING GEORGE HOSPITAL - SAIS COVID VACCINATION SERVICE","5.421"
"BUCKLAND COMMUNITY HOSPITAL CDC","5.778"
"BOLTONFT - ROYAL BOLTON HOSPITAL - SAIS COVID VACCINATION SERVICE","6.085"
"ASHTEAD HOSPITAL","4.676"
"ASHDOWN NUFFIELD HOSPITAL","5.071"
"CHELSEA AND WESTMINSTER HOSPITAL - VALNEVA COVID19 TRIALS","3.603"
"CUH AT THE HAMPTONS HOSPITAL","5.93"
"ESPERANCE PRIVATE HOSPITAL","4.68"
"QUEENS HOSPITAL","5.778"
"BUCKSHT - AMERSHAM HOSPITAL - SAIS COVID VACCINATION SERVICE","4.511"
"SPIRE BRISTOL HOSPITAL","4.672"
"LINCOLN HOSPITAL (NUH)","6.215"
"ST GEORGES AT WOKING HOSPITAL","3.543"
"CHS - CROYDON UNI HOSPITAL - SAIS COVID VACCINATION SERVICE","4.399"
"VIRTUAL WARD HOSPITAL@HOME","6.422"
"GATWICK PARK HOSPITAL","5.071"
"CUH AT ROYAL NATIONAL ORTHOPAEDIC HOSPITAL","5.93"
"RAMSEY BUCKSHAWE HOSPITAL","4.669"
"SPIRE FYLDE COAST HOSPITAL","4.669"
"ROYAL SUSSEX COUNTY HOSPITAL","5.071"
"BRIGHTON GENERAL HOSPITAL","5.071"
"FITZWILLIAM HOSPITAL","5.047"
"LEEDS TEACHING HOSPITAL TRUST - COV BOOST COVID19 TRIALS","5.047"
"CNWL - UCL HOSPITAL - SAIS COVID VACCINATION SERVICE","3.623"
"PRACTISE PLUS GROUP HOSPITAL","4.41"
"NEWQUAY COMMUNITY HOSPITAL","6.763"
"NOTTINGHAM WOODTHORPE HOSPITAL (NUH)","6.215"
"UNIVERSITY HOSPITAL COVENTRY OUTPATIENTS","4.444"
"SPIRE PARKWAY HOSPITAL","4.603"
"UHCW WORCESTER SPIRE HOSPITAL","5.971"
"GSTT @ THE PORTLAND HOSPITAL","4.974"
"LEEDS TEACHING HOSPITAL TRUST - PREG COV COVID19 TRIALS","5.047"
"THE WELLINGTON HOSPITAL","5.609"
"OPD FLEETWOOD HOSPITAL","5.604"
"ST MARY'S HOSPITAL","5.779"
"ELTHAM COMMUNITY HOSPITAL CDC","6.422"
"SULIS HOSPITAL BATH","4.891"
"ROYAL ALEXANDRA CHILDREN'S HOSPITAL","5.071"
"NUFFIELD HEALTH WESSEX HOSPITAL","4.819"
"WEST MIDDLESEX HOSPITAL ENDOSCOPY UNIT","3.603"
"TAMESIDE HOSPITAL ENT OUTPATIENTS","5.564"
"THE ROBERT JONES AND AGNES HUNT HOSPITAL, OSWESTRY - COVID VACCINATION CENTRE","7.348"
"CHELSEA & WESTMINSTER NHS FDN TRUST - WEYMOUTH STREET HOSPITAL","3.603"
"NHS NIGHTINGALE HOSPITAL","4.41"
"GRAVESHAM COMMUNITY HOSPITAL","4.187"
"BIRCH HILL HOSPITAL","5.48"
"PURLEY WAR MEMORIAL HOSPITAL","5.15"
"MUSGROVE PARK HOSPITAL","4.974"
"ROYAL OLDHAM HOSPITAL","5.48"
"OPTEGRA YORKSHIRE HOSPITAL","3.877"
"ROYAL DEVON AND EXETER HOSPITAL NHS TRUST - NOVAVAX COVID19 TRIAL","4.844"
"P RBH VIRTUAL HOSPITAL","4.455"
"GRANTHAM AND DISTRICT HOSPITAL","6.437"
"SPIRE TUNBRIDGE WELLS HOSPITAL","4.562"
"BRIDGWATER COMMUNITY HOSPITAL","5.04"
"MOUNT ALVERNIA HOSPITAL","4.248"
"COLMAN HOSPITAL","4.023"
"MIDLAND METROPOLITAN UNIVERSITY HOSPITAL","5.473"
"THE PARK HOSPITAL","6.49"
"EAST LACASHIRE AT WRIGHTINGTON HOSPITAL","4.311"
"SPIRE METHLEY PARK HOSPITAL","5.437"
"CDC FP FINCH MEM HOSPITAL","4.658"
"ADDENBROOKES HOSPITAL - JANSSEN COVID19 TRIALS","5.93"
"MFT - TRAFFORD GENERAL HOSPITAL - SAIS COVID VACCINATION SERVICE","5.577"
"YEOVIL HOSPITAL AT HOME RESPIRATORY TEAM","5.294"
"OPTEGRA EYE HOSPITAL","5.071"
"WELLS COMMUNITY HOSPITAL","4.451"
"SOUTH NEWTON HOSPITAL","5.194"
"MILFORD COMMUNITY HOSPITAL CDC","3.533"
"MFT - WYTHENSHAWE HOSPITAL - SAIS COVID VACCINATION SERVICE","5.577"
"NEW QEII HOSPITAL CDC","6.731"
"PRINCESS GRACE HOSPITAL","5.071"
"OPD VICTORIA HOSPITAL","5.604"
"BRISTOL EYE HOSPITAL","4.672"
"URGENT CARE HEMEL HEMPSTEAD HOSPITAL","4.511"
"DOLAN PARK HOSPITAL","4.986"
"TEDDINGTON HOSPITAL","5.902"
"ROYAL SHREWSBURY HOSPITAL","5.891"
"CRAWLEY HOSPITAL","4.289"
"SOUTH PETHERTON HOSPITAL","5.634"
"HDFT - HARROGATE GENERAL HOSPITAL - SAIS COVID VACCINATION SERVICE","3.939"
"NHFT - ST. MARY'S HOSPITAL - SAIS COVID VACCINATION SERVICE","4.511"
"GUYS AND ST THOMAS HOSPITAL - JANSSEN COVID19 TRIALS","4.974"
"BRIDLINGTON & DISTRICT HOSPITAL ELECTIVE SURGICAL HUB","7.244"
"UNIVERSITY COLLEGE LONDON HOSPITAL","3.988"
"NCA - FAIRFIELD GENERAL HOSPITAL - SAIS COVID VACCINATION SERVICE","5.383"
"TORRINGTON HOSPITAL","4.844"
"LONDON NORTH WEST UNIVERSITY HEALTHCARE NHS TRUST - NORTHWICK PARK HOSPITAL - OXFORD COVID19 TRIALS","6.452"
"NCIC - W CUMBERLAND HOSPITAL - SAIS COVID VACCINATION SERVICE","5.345"
"WEST CORNWALL HOSPITAL","4.844"
"HEATHERWOOD HOSPITAL","4.428"
"CROMWELL HOSPITAL","5.071"
"LIVERPOOL HEART & CHEST HOSPITAL","5.819"
"BMI ST. EDMUNDS HOSPITAL","4.257"
"LEWISHAM HOSPITAL - COVID VACCINATION CENTRE","6.422"
"LYMINGTON HOSPITAL ELECTIVE SURGICAL HUB","4.567"
"NCA - ROYAL OLDHAM HOSPITAL - SAIS COVID VACCINATION SERVICE","5.383"
"GEORGE ELIOT HOSPITAL","4.993"
"NEW VICTORIA HOSPITAL","4.545"
"HORSHAM HOSPITAL","4.521"
"FREEMAN HOSPITAL","3.926"
"SOUTH BRISTOL COMMUNITY HOSPITAL","4.709"
"SOUTHAMPTON UNIVERSITY HOSPITAL - NIHR CLINICAL RESEARCH FACILITY - JANSSEN COVID19 TRIALS","4.567"
"SEVENOAKS HOSPITAL","4.232"
"GLOUCESTER ROYAL HOSPITAL","4.915"
"CLEVELAND CLINIC LONDON HOSPITAL","5.071"
"WELLINGTON HOSPITAL","4.864"
"WRIGHTINGTON HOSPITAL","5.725"
"WEST HEATH HOSPITAL","5.035"
"WEST BEKSHIRE COMMUNITY HOSPITAL CDC","4.455"
"SHEFFIELD NORTHERN GENERAL HOSPITAL - COVID VACCINATION CENTRE","6.544"
"BASINGSTOKE GENERAL HOSPITAL ELECTIVE SURGICAL HUB","5.132"
"ASET HOSPITAL","6.024"
"KING GEORGE'S HOSPITAL - COVID VACCINATION CENTRE","5.421"
"CASTLE HILL HOSPITAL","5.351"
"OAKS HOSPITAL","4.257"
"BMI - THE LANCASTER HOSPITAL","4.669"
"PRINCESS ROYAL HOSPITAL","5.603"
"BOB - STOKE MANDEVILLE HOSPITAL - SAIS COVID VACCINATION SERVICE","4.511"
"CUH AT BEDFORD HOSPITAL","5.93"
"SRFT - HOE HOSPITAL - SAIS COVID VACCINATION SERVICE","5.383"
"STFT - SOUTH TYNESIDE HOSPITAL - SAIS COVID VACCINATION SERVICE","5.778"
"NUFFIELD HEALTH LEEDS HOSPITAL","4.969"
"FORDCOMBE HOSPITAL","2.725"
"ST JAMES UNIVERSITY HOSPITAL - NOVAVAX COVID19 TRIAL","5.047"
"JOHN COUPLAND HOSPITAL","6.932"
"BMI THORNBERRY HOSPITAL","4.41"
"ONE HATFIELD HOSPITAL","4.986"
"THE MONTEFIORE HOSPITAL","5.071"
"A & E VICTORIA HOSPITAL","5.604"
"CLEMENTINE CHURCHILL HOSPITAL","3.603"
"LEICESTER GENERAL HOSPITAL","4.838"
"TGH- TAMESIDE GENERAL HOSPITAL - SAIS COVID VACCINATION SERVICE","5.564"
"CHELSEA & WESTMINSTER NHS FDN TRUST - CROMWELL HOSPITAL","3.603"
"WHITTINGTON HOSPITAL - SAIS COVID VACCINATION SERVICE","3.713"
"UTC WEST MID HOSPITAL","3.603"
"EASTBOURNE DISTRICT GENERAL HOSPITAL","4.68"
"BEXHILL HOSPITAL","4.68"
"NUFFIELD HEALTH WOKING HOSPITAL","5.778"
"EAST SURREY HOSPITAL","3.904"
"PRIMARY CARE STREAMING SERVICE (ROYAL OLDHAM HOSPITAL ED DEPT)","5.383"
"CHELSEA & WESTMINSTER NHS FDN TRUST - THE LISTER HOSPITAL","3.603"
"CALDERDALE ROYAL HOSPITAL","3.597"
"SPIRE CAMBRIDGE LEA HOSPITAL","5.047"
"GREATER MANCHESTER MAJOR TRAUMA HOSPITAL","5.383"
"WITHINGTON HOSPITAL ELECTIVE SURGICAL HUB","5.577"
"BRIDPORT COMMUNITY HOSPITAL","4.838"
"MANCHESTER UNIVERSITY HOSPITAL NHS FT (HQ)","5.577"
"ROYAL MANCHESTER CHILDREN'S HOSPITAL","5.577"
"MANCHESTER ROYAL EYE HOSPITAL","5.577"
"WYTHENSHAWE HOSPITAL","5.48"
"WITHINGTON COMMUNITY HOSPITAL","5.48"
"TRAFFORD GENERAL HOSPITAL","5.48"
"ALTRINCHAM HOSPITAL","5.577"
"BOLTON ROYAL HOSPITAL","5.577"
"UNIVERSITY DENTAL HOSPITAL","5.577"
"SALFORD ROYAL HOSPITAL","5.831"
"NORTH MANCHESTER GENERAL HOSPITAL","5.48"
"TAMESIDE GENERAL HOSPITAL","5.508"
"MACCLESFIELD DISTRICT GENERAL HOSPITAL","6.332"
"STEPPING HILL HOSPITAL","5.635"
"BLACKPOOL VICTORIA HOSPITAL","5.283"
"ROYAL PRESTON HOSPITAL","4.792"
"SUNDERLAND ROYAL HOSPITAL","5.288"
"BISHOP AUCKLAND HOSPITAL","5.492"
"SHOTLEY BRIDGE HOSPITAL","5.778"
"SOUTH TYNESIDE DISTRICT HOSPITAL","5.331"
"UNIVERSITY HOSPITAL OF HARTLEPOOL","5.749"
"PRIMROSE HILL HOSPITAL","5.778"
"PALMERS COMMUNITY HOSPITAL","5.328"
"UNIVERSITY HOSPITAL OF NORTH DURHAM","5.492"
"MONKTON HALL HOSPITAL","5.778"
"SPIRE WASHINGTON HOSPITAL","5.328"
"POOLE HOSPITAL","4.838"
"ROYAL BOURNEMOUTH HOSPITAL","4.838"
"CHRISTCHURCH HOSPITAL","4.876"
"BLANDFORD COMMUNITY HOSPITAL","4.838"
"BOSCOMBE COMMUNITY HOSPITAL","4.867"
"DORSET COUNTY HOSPITAL","4.956"
"MILFORD ON SEA WAR MEMORIAL HOSPITAL","4.867"
"SSD ALDERNEY COMMUNITY HOSPITAL","4.867"
"SWANAGE COMMUNITY HOSPITAL","4.867"
"WIMBORNE COMMUNITY HOSPITAL","4.867"
"ST LEONARDS HOSPITAL","4.644"
"BIRMINGHAM HEARTLANDS HOSPITAL","4.444"
"MILE END HOSPITAL","5.711"
"THE LONDON CHEST HOSPITAL","5.711"
"CHINGFORD HOSPITAL","5.711"
"WHIPPS CROSS UNIVERSITY HOSPITAL","5.711"
"WANSTEAD HOSPITAL","5.711"
"ST BARTHOLOMEW'S HOSPITAL","5.711"
"NEWHAM GENERAL HOSPITAL","5.711"
"KING GEORGE HOSPITAL","5.566"
"RODING HOSPITAL","5.678"
"THE PRINCESS ALEXANDRA HOSPITAL","5.711"
"NORTHWICK PARK HOSPITAL","6.452"
"CENTRAL MIDDLESEX HOSPITAL","6.452"
"ST MARKS HOSPITAL","5.117"
"EALING HOSPITAL","6.452"
"URGENT CARE CENTRE NORTHWICK PARK HOSPITAL","6.452"
"URGENT CARE CENTRE CENTRAL MIDDLESEX HOSPITAL","6.452"
"URGENT CARE CENTRE EALING HOSPITAL","6.452"
"HILLINGDON HOSPITAL","6.813"
"MOUNT VERNON HOSPITAL","5.207"
"EDGWARE COMMUNITY HOSPITAL","5.555"
"CLAYPONDS HOSPITAL","6.452"
"A&E - EALING HOSPITAL NHS TRUST PRESCRIBER","6.452"
"ST ANNS HOSPITAL (ACUTE WARDS)","5.9"
"UNIVERSITY HOSPITAL OF WALES","4.614"
"SPIRE CHESHIRE HOSPITAL","6.789"
"WOKING COMMUNITY HOSPITAL","4.698"
"UNIVERSITY HOSPITAL BRISTOL AND WESTON","4.844"
"ROYAL SURREY COUNTY HOSPITAL","4.121"
"CAPIO ASHTEAD HOSPITAL","3.533"
"BUPA HOSPITAL CLARE PARK","3.533"
"HOLLY CROSS HOSPITAL","3.533"
"OPTEGRA SURREY EYE HOSPITAL","3.533"
"CRANLEIGH VILLAGE HOSPITAL","3.563"
"FARNHAM HOSPITAL","4.376"
"FARNHAM ROAD HOSPITAL","3.533"
"GUILDFORD NUFFIELD HOSPITAL","3.533"
"HASLEMERE HOSPITAL","3.533"
"KING EDWARD VII HOSPITAL","4.249"
"MILFORD HOSPITAL","3.533"
"NORTH HAMPSHIRE HOSPITAL","4.364"
"HRH PRINCESS CHRISTIAN'S HOSPITAL","3.533"
"RUNNEYMEDE HOSPITAL","3.533"
"THAMES VALLEY NUFFIELD HOSPITAL","3.533"
"WOKING NUFFIELD HOSPITAL","4.297"
"FRIMLEY PARK HOSPITAL","4.197"
"ASHFORD HOSPITAL","3.755"
"ST. PETERS HOSPITAL","3.533"
"COBHAM COMMUNITY HOSPITAL","3.533"
"HOLYCROSS HOSPITAL","3.533"
"FLEET HOSPITAL","4.376"
"BRISTOL HOMEOPATHIC HOSPITAL","4.499"
"NUFFIELD HEALTH BRISTOL HOSPITAL","4.499"
"ST MICHAEL'S HOSPITAL","5.35"
"UNIVERSITY OF BRISTOL DENTAL HOSPITAL","4.499"
"BRISTOL ROYAL HOSPITAL FOR CHILDREN","4.499"
"FRENCHAY HOSPITAL","4.73"
"SOUTHMEAD HOSPITAL","4.642"
"CLEVEDON HOSPITAL","4.642"
"COSSHAM MEMORIAL HOSPITAL","4.499"
"THORNBURY HOSPITAL","4.412"
"WESTON GENERAL HOSPITAL","4.642"
"TORBAY HOSPITAL","6.264"
"DERRIFORD HOSPITAL","5.454"
"ASHBURTON AND BUCKFASTLEIGH HOSPITAL","5.765"
"BOVEY TRACEY HOSPITAL","5.765"
"DARTMOUTH HOSPITAL","5.765"
"DAWLISH HOSPITAL","5.765"
"NEWTON ABBOT COMMUNITY HOSPITAL","6.264"
"TEIGNMOUTH HOSPITAL","5.458"
"MOUNT STUART HOSPITAL","5.765"
"RD & E HOSPITAL","5.765"
"SOUTH HAMS HOSPITAL","6.264"
"ASHBURTON HOSPITAL","5.765"
"DAWLISH COMMUNITY HOSPITAL","5.304"
"NEWTON ABBOT HOSPITAL","5.304"
"TAVISTOCK HOSPITAL","5.791"
"HONITON HOSPITAL","5.304"
"OKEHAMPTON HOSPITAL","5.765"
"OTTERY ST. MARY COMMUNITY HOSPITAL","5.765"
"CREDITON HOSPITAL","5.304"
"EXMOUTH COMMUNITY HOSPITAL ANNEX","5.765"
"TIVERTON HOSPITAL","5.765"
"ST LUKES HOSPITAL","4.532"
"ST JAMES' HOSPITAL","3.317"
"CHAPEL ALLERTON HOSPITAL","4.182"
"PINDERFIELDS HOSPITAL","4.93"
"DEWSBURY AND DISTRICT HOSPITAL","3.317"
"SHIPLEY HOSPITAL","3.317"
"SKIPTON HOSPITAL","3.317"
"ECCLESHILL COMMUNITY HOSPITAL","3.597"
"WESTBOURNE GREEN COMMUNITY HOSPITAL","3.317"
"SHEFFIELD CHILDRENS HOSPITAL","3.317"
"SOUTHEND HOSPITAL","4.79"
"BASILDON HOSPITAL","4.79"
"ST PETER'S HOSPITAL","4.15"
"HALSTEAD HOSPITAL","4.902"
"ROYAL LONDON HOSPITAL","3.428"
"WHIPPS CROSS HOSPITAL","3.428"
"NUFFIELD IPSWICH HOSPITAL","4.16"
"THURROCK COMMUNITY HOSPITAL","4.16"
"QUEEN'S HOSPITAL","4.093"
"OLD CHURCH HOSPITAL","4.16"
"ORSETT HOSPITAL","4.16"
"BRENTWOOD COMMUNITY HOSPITAL","4.16"
"GREAT ORMOND STREET HOSPITAL FOR CHILDREN","4.16"
"MID ESSEX HOSPITAL","4.16"
"SOUTHEND PRIVATE HOSPITAL","4.16"
"ROCHFORD HOSPITAL","4.16"
"SPIRE WELLESLEY HOSPITAL","4.16"
"BRAINTREE COMMUNITY HOSPITAL","4.16"
"NUFFIELD HOSPITAL","4.564"
"THE CHELMSFORD PRIVATE DAY SURGERY HOSPITAL","4.79"
"CHARTWELL PRIVATE HOSPITAL","4.16"
"HOLLY HOUSE PRIVATE HOSPITAL","4.16"
"BADDOW PRIVATE HOSPITAL","4.16"
"HOMERTON HOSPITAL","4.16"
"CLACTON AND DISTRICT HOSPITAL","4.687"
"COLCHESTER GENERAL HOSPITAL","4.902"
"CAPIO OAKS HOSPITAL","4.902"
"ST MARGARET'S HOSPITAL","3.428"
"CHELMSFORD & ESSEX HOSPITAL","4.902"
"PRINCESS ALEXANDRA HOSPITAL","5.254"
"CAPIO RIVERS HOSPITAL","4.16"
"ROYAL FREE HOSPITAL","5.916"
"ROYAL NATIONAL THROAT, NOSE & EAR HOSPITAL","4.14"
"FINCHLEY MEMORIAL HOSPITAL","4.658"
"HOSPITAL OF ST JOHN & ST ELIZABETH","4.658"
"BARNET HOSPITAL","4.658"
"NORTH MIDDLESEX HOSPITAL","5.9"
"POTTER BAR HOSPITAL","4.658"
"HADLEY WOOD HOSPITAL","4.658"
"ST. ALBANS CITY HOSPITAL","4.658"
"CHASE FARM HOSPITAL","5.9"
"CHESHUNT COMMUNITY HOSPITAL","6.049"
"HARPENDEN MEMORIAL HOSPITAL","4.722"
"WATFORD GENERAL HOSPITAL","4.584"
"THE WHITTINGTON HOSPITAL","4.448"
"QUEEN MARY'S HOSPITAL","5.438"
"TEDDINGTON MEMORIAL HOSPITAL","4.691"
"MOLESEY HOSPITAL","5.902"
"TOLWORTH HOSPITAL","4.748"
"EPSOM & EWELL COTTAGE HOSPITAL","5.902"
"MOORFIELDS EYE HOSPITAL NHST","5.902"
"PARKSIDE HOSPITAL","5.165"
"RAVENSCOURT PARK HOSPITAL","5.902"
"ST ANTHONY'S HOSPITAL","4.545"
"COBHAM HOSPITAL","5.902"
"DORKING COMMUNITY HOSPITAL","5.902"
"LEATHERHEAD COMMUNITY HOSPITAL","5.902"
"WEYMOUTH COMMUNITY HOSPITAL","4.838"
"PORTLAND HOSPITAL","4.626"
"BMI THE WINTERBOURNE HOSPITAL","4.808"
"YEATMAN HOSPITAL","5.099"
"YEOVIL DISTRICT HOSPITAL","5.099"
"MANOR HOSPITAL","4.308"
"GOSCOTE HOSPITAL","4.171"
"DOROTHY PATTISON HOSPITAL","4.171"
"BLOXWICH HOSPITAL","4.171"
"BMI THE PRIORY HOSPITAL","4.171"
"SPIRE LITTLE ASTON HOSPITAL","4.171"
"THE ROYAL ORTHOPAEDIC HOSPITAL","4.171"
"CANNOCK CHASE HOSPITAL","4.832"
"RUSSELLS HALL HOSPITAL","4.426"
"ST. CATHERINES HOSPITAL","6.958"
"VICTORIA CENTRAL HOSPITAL","6.389"
"ARROWE PARK HOSPITAL","6.958"
"CLATTERBRIDGE HOSPITAL","6.958"
"ELLESMERE PORT HOSPITAL","6.884"
"SPIRE MURRAYFIELD HOSPITAL","6.884"
"WHISTON HOSPITAL","5.421"
"ST HELENS HOSPITAL","5.216"
"NEWTON COMMUNITY HOSPITAL","5.151"
"FAIRFIELD HOSPITAL","5.428"
"UNIVERSITY HOSPITAL AINTREE","5.216"
"SOUTHPORT AND FORMBY DISTRICT GENERAL HOSPITAL","4.612"
"ORMSKIRK AND DISTRICT GENERAL HOSPITAL","4.612"
"WARRINGTON HOSPITAL","5.421"
"ROYAL LIVERPOOL CHILDRENS HOSPITAL","4.612"
"ROYAL LIVERPOOL UNIVERSITY HOSPITAL","5.216"
"BROADGREEN HOSPITAL","5.216"
"HALTON HOSPITAL","4.612"
"ALDERHEY CHILDRENS HOSPITAL AT THE HALEWOOD CENTRE","2.575"
"ALDERHEY CHILDRENS HOSPITAL AT WHISTON PRIMARY CARE RESOURCE CENTRE","2.575"
"ALDERHEY CHILDRENS HOSPITAL AT TOWER HILL PRIMARY CARE RESOURCE CENTRE","2.575"
"ALDERHEY CHILDRENS HOSPITAL AT MANOR FARM PRIMARY CARE RESOURCE CENTRE","2.575"
"TARPORLEY WAR MEMORIAL HOSPITAL","7.062"
"CONGLETON WAR MEMORIAL HOSPITAL","6.656"
"KNUTSFORD COMMUNITY HOSPITAL","7.313"
"LUTON & DUNSTABLE HOSPITAL","4.998"
"BEDFORD HOSPITAL SOUTH WING","4.998"
"ST MONICAS HOSPITAL","7.244"
"THE NEW SELBY WAR MEMORIAL HOSPITAL","7.244"
"BOOTHAM PARK HOSPITAL","7.244"
"YORK HOSPITAL","7.244"
"PRIVATE HOSPITAL (NHS PROVIDED BEDS)","7.244"
"DUCHY NUFFIELD HOSPITAL (HARROGATE) (SNEY)","7.244"
"SCARBOROUGH GENERAL HOSPITAL","7.244"
"WHITBY COMMUNITY HOSPITAL","7.244"
"MALTON COMMUNITY HOSPITAL","5.592"
"CROSS LANE HOSPITAL","7.244"
"BRIDLINGTON AND DISTRICT HOSPITAL","7.244"
"MOBILE CHEMO UNIT - SELBY HOSPITAL","7.244"
"MOBILE CHEMO UNIT - BRIDLINGTON HOSPITAL","7.244"
"MOBILE CHEMO UNIT - SCARBOROUGH HOSPITAL","7.244"
"WHITE CROSS REHABILITATION HOSPITAL","7.244"
"ALFRED BEAN HOSPITAL","7.27"
"FRIARAGE HOSPITAL","5.41"
"SELBY HOSPITAL IPU","7.244"
"WOODLANDS PRIVATE HOSPITAL (SNEY)","7.244"
"WHITBY HOSPITAL","6.833"
"HARROGATE DISTRICT HOSPITAL","4.101"
"RIPON AND DISTRICT COMMUNITY HOSPITAL","3.939"
"BROMPTON HOUSE DAY HOSPITAL AND CHIDREN'S DEVELOPMENT CENTRE","3.939"
"CHAPEL STREET DAY HOSPITAL","3.939"
"FRIARY HOSPITAL","5.189"
"AIREDALE GENERAL HOSPITAL","4.552"
"SCARBOROUGH HOSPITAL","5.427"
"SELBY WAR MEMORIAL HOSPITAL","3.939"
"SKIPTON GENERAL HOSPITAL","4.162"
"HBSS NEW SELBY WAR MEMORIAL HOSPITAL","3.939"
"HBSS YORK DISTRICT HOSPITAL","3.939"
"WHITECROSS COURT COMMUNITY HOSPITAL","3.939"
"HBSS ST JAMES UNIVERSITY HOSPITAL","3.939"
"BINGLEY HOSPITAL","4.669"
"CORONATION HOSPITAL","4.669"
"CASTLEBERG HOSPITAL","4.669"
"GROVE CONVALESCENT HOSPITAL","4.669"
"BARNSLEY DISTRICT HOSPITAL","1.818"
"BASSETLAW HOSPITAL","4.276"
"SCUNTHORPE GENERAL HOSPITAL","5.026"
"CHESTERFIELD ROYAL HOSPITAL","4.331"
"ROTHERHAM GENERAL HOSPITAL","1.818"
"SHEFFIELD CHILDREN'S HOSPITAL","1.818"
"SWAFFHAM COMMUNITY HOSPITAL","4.879"
"FITZWILLIAM PRIVATE HOSPITAL","4.879"
"SANDRINGHAM PRIVATE HOSPITAL","4.879"
"NORFOLK AND NORWICH UNIVERSITY HOSPITAL","4.879"
"NORTH CAMBRIDGESHIRE HOSPITAL","4.879"
"THE QUEEN ELIZABETH HOSPITAL","4.879"
"DEREHAM HOSPITAL","4.451"
"CHIPPENHAM HOSPITAL","4.891"
"MELKSHAM HOSPITAL","4.838"
"WARMINSTER HOSPITAL","4.891"
"WESTBURY HOSPITAL","4.891"
"DEVIZES HOSPITAL","4.891"
"TROWBRIDGE HOSPITAL","4.891"
"ROYAL NATIONAL HOSPITAL FOR RHEUMATIC DISEASES","4.891"
"ROUNDWAY HOSPITAL","4.891"
"FROME COMMUNITY HOSPITAL","5.228"
"PAULTON HOSPITAL","4.891"
"ROYAL UNITED HOSPITAL","5.042"
"ST MARTINS HOSPITAL (BATH)","4.891"
"SHEPTON MALLET COMMUNITY HOSPITAL","5.228"
"TETBURY HOSPITAL","4.989"
"BLAKELANDS HOSPITAL","4.736"
"MILTON KEYNES HOSPITAL","4.962"
"BUCKINGHAM HOSPITAL","4.736"
"WYCOMBE HOSPITAL","4.736"
"AMERSHAM HOSPITAL","4.639"
"IPSWICH HOSPITAL","5.199"
"FELIXSTOWE HOSPITAL","5.644"
"HARTISMERE HOSPITAL","5.644"
"ALDEBURGH HOSPITAL","5.644"
"PATRICK STEAD HOSPITAL","5.4"
"CHUFT BADDOW HOSPITAL","5.644"
"NUFFEILD HEALTH CAMBRIDGE HOSPITAL","5.644"
"ESSEX COUNTY HOSPITAL","5.644"
"THE FRYATT HOSPITAL AND MAYFLOWER MEDICAL CENTRE","5.644"
"COLCHESTER HOSPITAL UNIVERSITY NHS FOUNDATION TRUST HQ","5.644"
"BROOMFIELD HOSPITAL","5.644"
"CAPIO SPRINGFIELD HOSPITAL","5.644"
"WEST SUFFOLK HOSPITAL","4.95"
"CLARE PARK BUPA HOSPITAL","5.219"
"BERKSHIRE INDEPENDENT HOSPITAL","5.219"
"DUNEDIN HOSPITAL","5.219"
"CRANLEIGH HOSPITAL","5.219"
"HASLEMERE AND DISTRICT HOSPITAL","5.219"
"WEXHAM PARK HOSPITAL","4.706"
"ST MARK'S HOSPITAL","4.865"
"UPTON HOSPITAL","4.837"
"JOHN RADCLIFFE HOSPITAL","4.706"
"HSH BROADMOOR HOSPITAL","5.219"
"CHALFONT'S & GERRARDS CROSS HOSPITAL","5.219"
"SPIRE THAMES VALLEY HOSPITAL","4.679"
"THE PRINCESS MARGARET HOSPITAL","4.837"
"ROYAL BERKSHIRE HOSPITAL","4.706"
"CHARING CROSS HOSPITAL","5.17"
"FALMOUTH HOSPITAL","6.969"
"POLTAIR HOSPITAL","7.175"
"LISKEARD COMMUNITY HOSPITAL","6.261"
"ST BARNABAS HOSPITAL","6.969"
"(HY) GU MEDICINE ST MICHAEL'S HOSPITAL HAYLE","7.175"
"ST AUSTELL COMMUNITY HOSPITAL","6.01"
"BODMIN HOSPITAL","6.261"
"HELSTON HOSPITAL","7.175"
"CAMBORNE REDRUTH COMMUNITY HOSPITAL","6.01"
"NEWQUAY HOSPITAL","7.175"
"BOLITHO HOSPITAL","7.175"
"BOSCAWEN WARD - FALMOUTH HOSPITAL","7.175"
"EDWARD HAIN HOSPITAL","7.175"
"LAUNCESTON HOSPITAL","6.969"
"FOWEY HOSPITAL","7.175"
"DUCHY HOSPITAL","6.969"
"WATERLOO DAY HOSPITAL","5.819"
"ST. CATHERINE'S HOSPITAL","5.819"
"RATHBONE HOSPITAL","5.819"
"ORMSKIRK & DISTRICT GENERAL HOSPITAL","5.819"
"NOBLE'S HOSPITAL","5.819"
"ASHWORTH HOSPITAL HEALTHCARE REGISTRY","5.819"
"HALTON GENERAL HOSPITAL","5.819"
"KNUTSFORD & DISTRICT COMMUNITY HOSPITAL","5.909"
"LIVERPOOL WOMEN'S HOSPITAL","5.819"
"ROYAL LIVERPOOL UNIVERSITY DENTAL HOSPITAL","5.819"
"BMI THE LONDON INDEPENDENT HOSPITAL","5.421"
"SPIRE LONDON EAST HOSPITAL","5.421"
"NUFFIELD HEALTH BRENTWOOD HOSPITAL","5.421"
"THE PRINCESS GRACE HOSPITAL","5.421"
"BADDOW HOSPITAL","5.421"
"HIGHGATE PRIVATE HOSPITAL","5.421"
"SPIRE HARTSWOOD HOSPITAL","5.421"
"BARKING HOSPITAL","5.421"
"THE KINGS OAK PRIVATE HOSPITAL","5.421"
"BARNSLEY HOSPITAL","4.054"
"PHOTOPHERESIS SERVICE, THE ROYAL BELFAST HOSPITAL FOR SICK CHILDREN","4.41"
"PHOTOPHORESIS SERVICE, SHEFFIELD CHILDREN'S HOSPITAL","4.41"
"COMMUNITY HOSPITAL","4.41"
"DONCASTER GATE HOSPITAL","4.41"
"KINVARA PRIVATE HOSPITAL","4.41"
"GASTROSCOPY SERVICE, THORNBERRY HOSPITAL","4.41"
"PHOTOPHERESIS SERVICE, ROYAL HALLAMSHIRE HOSPITAL","4.41"
"PHOTOPHERESIS SERVICE, BIRMINGHAM CHILDRENS HOSPITAL","4.41"
"ROTHERHAM DISTRICT GENERAL HOSPITAL","5.477"
"WHITWORTH HOSPITAL","5.819"
"BUXTON HOSPITAL","5.819"
"SCARSDALE HOSPITAL","5.819"
"BOLSOVER COMMUNITY HOSPITAL","5.819"
"CLAY CROSS HOSPITAL","5.819"
"BAKEWELL NEWHOLME HOSPITAL","5.819"
"BUXTON CAVENDISH HOSPITAL","5.819"
"PETERBOROUGH DISTRICT HOSPITAL","5.047"
"STAMFORD & RUTLAND HOSPITAL","5.047"
"PETERBOROUGH CITY HOSPITAL","5.488"
"JOHNSON HOSPITAL","6.027"
"HINCHINGBROOKE HOSPITAL","5.488"
"DODDINGTON HOSPITAL","5.047"
"PRINCESS OF WALES HOSPITAL","5.047"
"LOWESTOFT HOSPITAL","5.544"
"BECCLES & DISTRICT HOSPITAL","5.157"
"JAMES PAGET UNIVERSITY HOSPITAL","5.157"
"NORTHGATE HOSPITAL","5.157"
"SOUTHWOLD HOSPITAL","5.157"
"NEWMARKET COMMUNITY HOSPITAL","4.257"
"WALNUT TREE HOSPITAL","4.257"
"ALDEBURGH COMMUNITY HOSPITAL","4.257"
"FELIXSTOWE COMMUNITY HOSPITAL","4.257"
"ADDENBROOKE'S HOSPITAL","5.93"
"BLOCK 9 IDA DARWIN HOSPITAL","5.93"
"QUEEN ELIZABETH HOSPITAL","5.153"
"NORFOLK AND NORWICH HOSPITAL","5.93"
"CUH AT PRINCESS OF WALES HOSPITAL","5.93"
"RIVERS HOSPITAL","5.93"
"JERSEY GENERAL HOSPITAL","5.93"
"CUH AT BROOKFIELDS HOSPITAL","5.93"
"CUH AT NORTH CAMBRIDGESHIRE HOSPITAL","5.93"
"UNIVERSITY HOSPITAL SOUTHAMPTON","5.93"
"LUTON AND DUNSTABLE UNIVERSITY HOSPITAL","5.93"
"ROSIE HOSPITAL","5.93"
"CUH AT COLCHESTER GENERAL HOSPITAL","5.93"
"CUH AT MILTON KEYNES HOSPITAL","5.93"
"CUH AT BASILDON UNIVERSITY HOSPITAL","5.93"
"CUH AT JAMES PAGET UNIVERSITY HOSPITAL","5.93"
"CUH AT NOTTINGHAM UNIVERSITY HOSPITALS - CITY HOSPITAL","5.93"
"CUH AT ORSETT HOSPITAL","5.93"
"NEWMARKET HOSPITAL","5.93"
"ROYSTON HOSPITAL","5.93"
"CUH AT SAFFRON WALDEN HOSPITAL","5.93"
"CUH AT WEST SUFFOLK HOSPITAL","5.93"
"SPIRE (LEA) HOSPITAL","5.93"
"NUFFIELD HEALTH CAMBRIDGE HOSPITAL","5.93"
"CHANTRY HOUSE DAY HOSPITAL","5.294"
"RIDLEY DAY HOSPITAL","5.294"
"WILLOWBANK DAY HOSPITAL","5.294"
"BARNFIELD UNIT (MINEHEAD DAY HOSPITAL)","5.294"
"WELLINGTON & DISTRICT COTTAGE HOSPITAL","5.294"
"CHARD HOSPITAL","5.294"
"BURNHAM ON SEA WAR MEMORIAL HOSPITAL","5.294"
"MINEHEAD COMMUNITY HOSPITAL","5.294"
"WEST MENDIP COMMUNITY HOSPITAL","5.294"
"WINCANTON COMMUNITY HOSPITAL","5.294"
"WELLESLEY HOSPITAL","5.294"
"TRINITY HOSPITAL","5.294"
"BUTLEIGH HOSPITAL","5.294"
"ROYAL DEVON & EXETER HOSPITAL (WONFORD)","4.844"
"HEAVITREE HOSPITAL","4.844"
"SCOTT HOSPITAL","5.804"
"OKEHAMPTON COMMUNITY HOSPITAL","5.804"
"OTTERY ST MARY HOSPITAL","4.844"
"SOUTH MOLTON HOSPITAL","4.844"
"TIVERTON AND DISTRICT HOSPITAL","4.844"
"ROYAL CORNWALL HOSPITAL","4.844"
"AXMINSTER HOSPITAL","4.844"
"EXMOUTH HOSPITAL","4.844"
"TORBAY DISTRICT GENERAL HOSPITAL","4.844"
"NORTH DEVON DISTRICT HOSPITAL","5.804"
"EXETER NUFFIELD HOSPITAL","4.844"
"SEATON HOSPITAL","4.844"
"MORETONHAMPSTEAD HOSPITAL","4.844"
"EXETER COMMUNITY HOSPITAL","4.844"
"ACUTE HOSPITAL","4.844"
"MOUNT GOULD HOSPITAL","5.804"
"SOUTHAMPTON GENERAL HOSPITAL","5.228"
"ROYAL SOUTH HANTS HOSPITAL","5.216"
"BOURNEMOUTH NUFFIELD HOSPITAL","4.88"
"OPTEGRA SOLENT EYE HOSPITAL (PERIPHERAL CLINIC)","4.567"
"SPIRE DUNEDIN HOSPITAL ONCOLOGY DEPARTMENT","4.567"
"PRINCESS ANNE HOSPITAL","4.567"
"MOORGREEN HOSPITAL (PERIPHERAL CLINIC)","4.567"
"ROYAL HOSPITAL HASLAR PERIPHERAL CLINIC","4.567"
"FENWICK HOSPITAL (PERIPHERAL CLINIC)","4.567"
"WEST DORSET GENERAL HOSPITAL PERIPHERAL CLINIC","4.567"
"HYTHE HOSPITAL (PERIPHERAL CLINIC)","4.567"
"PRINCESS ELIZABETH HOSPITAL GUERNSEY PERIPHERAL CLINIC","4.567"
"LYMINGTON HOSPITAL (PERIPHERAL CLINIC)","4.567"
"FAREHAM COMMUNITY HOSPITAL","5.228"
"WESTERN COMMUNITY HOSPITAL","4.567"
"WINCHESTER HOSPITAL","4.567"
"SPIRE SOUTHAMPTON HOSPITAL","4.88"
"BMI SARUM ROAD HOSPITAL","4.567"
"NEWHOLME HOSPITAL","6.544"
"CLAREMONT HOSPITAL","6.544"
"BMI ALEXANDRA HOSPITAL","6.544"
"NEUROLOGY BASSETLAW HOSPITAL","6.544"
"BARNSLEY DISTRICT GENERAL HOSPITAL","5.505"
"CHARLES CLIFFORD DENTAL HOSPITAL","6.544"
"CHESTERFIELD & NORTH DERBYSHIRE ROYAL HOSPITAL","6.544"
"BUPA CROMWELL HOSPITAL","6.544"
"NEUROLOGY DONCASTER HOSPITAL","6.544"
"GLENFIELD HOSPITAL","5.887"
"SPIRE HULL AND EAST RIDING HOSPITAL","6.544"
"ROYAL HALLAMSHIRE HOSPITAL","6.544"
"LINCOLN COUNTY HOSPITAL","6.498"
"MONTAGU HOSPITAL","5.505"
"PARK HILL HOSPITAL","6.544"
"RYEGATE CHILDRENS HOSPITAL","6.544"
"QUEEN ALEXANDRA HOSPITAL","5.384"
"PETERSFIELD COMMUNITY HOSPITAL","5.888"
"ST RICHARD'S HOSPITAL","5.48"
"ST JAMES HOSPITAL","5.888"
"GOSPORT WAR MEMORIAL HOSPITAL","5.888"
"EMSWORTH HOSPITAL","5.888"
"HAVANT WAR MEMORIAL HOSPITAL","5.888"
"BOGNOR REGIS WAR MEMORIAL HOSPITAL","5.888"
"ROYAL HAMPSHIRE COUNTY HOSPITAL","5.405"
"BASINGSTOKE HOSPITAL","5.888"
"SALISBURY DISTRICT HOSPITAL","5.527"
"ANDOVER WAR MEMORIAL HOSPITAL","5.405"
"CHASE COMMUNITY HOSPITAL","5.888"
"LYMINGTON NEW FOREST HOSPITAL","5.888"
"ALTON COMMUNITY HOSPITAL","5.888"
"TOWNLANDS MEMORIAL HOSPITAL","4.455"
"WEST BERKSHIRE COMMUNITY HOSPITAL","4.455"
"WALLINGFORD COMMUNITY HOSPITAL","4.45"
"WANTAGE COMMUNITY HOSPITAL","4.45"
"WOKINGHAM HOSPITAL","4.455"
"CAPIO READING HOSPITAL","4.455"
"BUPA DUNEDIN HOSPITAL","4.455"
"DELLWOOD HOSPITAL","4.455"
"HORTON HOSPITAL","4.455"
"PROSPECT PARK HOSPITAL","4.455"
"THE MANOR HOSPITAL","4.455"
"BROADMOOR HOSPITAL","4.45"
"MARLOW COMMUNITY HOSPITAL","4.455"
"GUY'S HOSPITAL","4.974"
"ST THOMAS' HOSPITAL","4.974"
"DARENT VALLEY HOSPITAL","3.986"
"GRAVESEND AND NORTH KENT HOSPITAL","4.974"
"UNIVERSITY HOSPITAL LEWISHAM","5.698"
"DULWICH COMMUNITY HOSPITAL","4.974"
"ORPINGTON HOSPITAL","5.185"
"PRINCESS ROYAL UNIVERSITY HOSPITAL","5.597"
"GSTT @ MEDWAY MARITIME HOSPITAL","4.974"
"GSTT @ NORWICH UNIVERSITY HOSPITAL","4.974"
"GSTT @ MAIDSTONE HOSPITAL","4.974"
"GSTT @ LONDON BRIDGE HOSPITAL","4.974"
"GSTT @ ROYAL ALEXANDRA HOSPITAL","4.974"
"GSTT @ QUEEN VICTORIA HOSPITAL","4.974"
"GSTT @ WORTHING HOSPITAL","4.974"
"GSTT @ FRIMLEY PARK HOSPITAL","4.974"
"GSTT @ WILLIAM HARVEY HOSPITAL","4.974"
"GSTT @ BRIGHTON GENERAL HOSPITAL","4.974"
"GSTT @ CONQUEST HOSPITAL","4.974"
"GSTT @ EASTBOURNE DISTRICT GENERAL HOSPITAL","4.974"
"GSTT @ DERRIFORD HOSPITAL","4.974"
"GSTT @ EPSOM HOSPITAL","4.974"
"GSTT @ ST PETER'S HOSPITAL","4.974"
"QUEEN MARYS HOSPITAL","6.422"
"KING'S COLLEGE HOSPITAL","6.422"
"GOLDEN JUBILEE WING SUITE 3, KING'S COLLEGE HOSPITAL","6.422"
"BLACKHEATH HOSPITAL","4.889"
"LGT ADULT MEDICINE AT QUEEN ELIZABETH HOSPITAL","6.422"
"LGT A&E AT QUEEN ELIZABETH HOSPITAL","6.422"
"LGT DERMATOLOGY AT QUEEN ELIZABETH HOSPITAL","6.422"
"LGT ENDOCRINOLOGY AT QUEEN ELIZABETH HOSPITAL","6.422"
"LGT ENT AT QUEEN ELIZABETH HOSPITAL","6.422"
"LGT OBS & GYNAE AT QUEEN ELIZABETH HOSPITAL","6.422"
"LGT CARDIOLOGY AT QUEEN ELIZABETH HOSPITAL","6.422"
"LGT NEUROLOGY AT QUEEN ELIZABETH HOSPITAL","6.422"
"LGT PAEDIATRICS AT QUEEN ELIZABETH HOSPITAL","6.422"
"LGT RESPIRATORY AT QUEEN ELIZABETH HOSPITAL","6.422"
"LGT SURGERY AT QUEEN ELIZABETH HOSPITAL","6.422"
"LGT UROLOGY AT QUEEN ELIZABETH HOSPITAL","6.422"
"LGT WOMEN'S SERVICES AT QUEEN ELIZABETH HOSPITAL","6.422"
"L&G DERMATOLOGY AT QUEEN MARYS HOSPITAL","6.422"
"L&G OBS AND GYNAE AT QUEEN MARYS HOSPITAL","6.422"
"L&G NEUROLOGY AT QUEEN MARYS HOSPITAL","6.422"
"L&G SURGERY AT QUEEN MARYS HOSPITAL","6.422"
"LEWISHAM HOSPITAL - A&E","6.422"
"LEWISHAM HOSPITAL - PAED A&E","6.422"
"LEWISHAM HOSPITAL - ANTE NATAL","6.422"
"LEWISHAM HOSPITAL CHESTNUT WARD","6.422"
"LEWISHAM HOSPITAL - MEDICAL DISCHARGE","6.422"
"CROYDON UNIVERSITY HOSPITAL","4.399"
"ST GEORGES AT KINGSTON HOSPITAL","3.543"
"ST GEORGES AT WORTHING HOSPITAL","3.543"
"ST GEORGES AT PETER'S HOSPITAL","3.543"
"ST GEORGES AT EAST SURREY HOSPITAL","3.543"
"ST GEORGES AT THE ROYAL MARSDEN HOSPITAL","3.543"
"ST GEORGES AT CRAWLEY HOSPITAL","3.543"
"ST GEORGES AT ROYAL SURREY COUNTY HOSPITAL","3.543"
"ST GEORGES AT MAYDAY UNIVERSITY HOSPITAL","3.543"
"ST GEORGES AT EPSOM GENERAL HOSPITAL","3.543"
"ST GEORGES AT PRINCESS ROYAL HOSPITAL","3.543"
"ST GEORGES AT QUEEN MARY'S HOSPITAL","3.543"
"ST GEORGES AT SOUTHLANDS HOSPITAL","3.543"
"ST GEORGES AT ST RICHARDS HOSPITAL-CHICHESTER","3.543"
"ST GEORGES AT ST HELIER HOSPITAL","3.543"
"ST GEORGES AT HORSHAM HOSPITAL","3.543"
"ST GEORGES AT FRIMLEY HOSPITAL","3.543"
"BCS ENDOSCOPY UNIT ST GEORGES HOSPITAL","3.543"
"ST GEORGE'S AT KINGS COLLEGE HOSPITAL","3.543"
"ST. GEORGE'S AT TEDDINGTON MEMORIAL HOSPITAL","3.543"
"ST. GEORGE'S COMMUNITY SERVICES AT QUEEN MARY'S HOSPITAL","3.543"
"STRATFORD HOSPITAL","4.023"
"NUFFIELD WARWICKSHIRE HOSPITAL","4.023"
"LEAMINGTON SPA HOSPITAL","4.023"
"ST CROSS HOSPITAL","4.023"
"BRAMCOTE HOSPITAL","4.023"
"ROYAL STOKE UNIVERSITY HOSPITAL","6.437"
"LEEK MOORLANDS HOSPITAL","6.219"
"LONGTON HOSPITAL","6.437"
"HAYWOOD HOSPITAL","6.437"
"BRADWELL HOSPITAL","6.437"
"COUNTY HOSPITAL","6.437"
"CHEADLE HOSPITAL","6.437"
"ST GEORGE'S HOSPITAL","5.015"
"ST JUDE'S HOSPITAL","6.437"
"ROWLEY HALL HOSPITAL","6.437"
"AINTREE UNIVERSITY HOSPITAL","6.437"
"COUNTESS OF CHESTER HOSPITAL","6.854"
"DIANA, PRINCESS OF WALES HOSPITAL","5.943"
"LOUTH COUNTY HOSPITAL","5.943"
"PILGRIM HOSPITAL","6.475"
"SPIRE REGENCY HOSPITAL","6.656"
"ALEXANDRA HOSPITAL","5.832"
"SOUTH CHESHIRE PRIVATE HOSPITAL","6"
"GROSVENOR NUFFIELD HOSPITAL","6.811"
"HOSPITAL AT HOME","6.811"
"HIGHFIELD HOSPITAL","6.52"
"WREXHAM MAELOR HOSPITAL","6.811"
"THE LEWISHAM HOSPITAL NHS TRUST","5.396"
"NIGHTINGALE HOSPITAL BRISTOL","4.948"
"KINGS @ QUEEN MARY'S HOSPITAL SIDCUP","5.396"
"KINGS @ ERITH & DISTRICT HOSPITAL","5.396"
"KING'S @ DARENT VALLEY HOSPITAL","5.396"
"KINGS COLLEGE DENTAL HOSPITAL","5.396"
"KINGS @ SEVENOAKS HOSPITAL","5.396"
"KINGS @ QUEEN ELIZABETH HOSPITAL WOOLWICH","5.396"
"EPSOM HOSPITAL","4.376"
"KINGS COLLEGE HOSPITAL RENAL DIALYSIS UNIT","5.396"
"KING'S MILL HOSPITAL","5.172"
"MANSFIELD COMMUNITY HOSPITAL","4.986"
"ASHFIELD COMMUNITY HOSPITAL","4.986"
"NEWARK HOSPITAL","4.986"
"TRELISKE HOSPITAL","6.763"
"TOTNES COMMUNITY HOSPITAL","6.763"
"TAVISTOCK MATERNITY HOSPITAL","6.763"
"ROYAL DEVON & EXETER FOUNDATION HOSPITAL","6.763"
"ST. AUSTELL COMMUNITY HOSPITAL","6.763"
"PLYMOUTH NUFFIELD HOSPITAL","6.763"
"LONDON INDEPENDENT HOSPITAL","6.763"
"SPIRE ST ANTHONY'S HOSPITAL","6.763"
"IMMUNOLOGY - DERRIFORD HOSPITAL","6.763"
"UNIVERSITY HOSPITAL (COVENTRY)","5.971"
"HOSPITAL OF ST CROSS","5.971"
"SOUTH WARWICKSHIRE HOSPITAL","5.971"
"WOODLANDS HOSPITAL","6.103"
"WORCESTERSHIRE ROYAL HOSPITAL","6.235"
"UNIDENTIFIED HOSPITAL","5.658"
"ST. ANN'S HOSPITAL","3.713"
"NEW CROSS HOSPITAL","3.887"
"WEST PARK HOSPITAL","3.74"
"HOSPITAL LIASON 1","3.887"
"HOSPITAL LIASON 2","3.887"
"WALSALL MANOR HOSPITAL","3.887"
"STAFFORD HOSPITAL","3.887"
"HEREFORD COUNTY HOSPITAL","4.935"
"BROMYARD COMMUNITY HOSPITAL","4.986"
"LEOMINSTER COMMUNITY HOSPITAL","4.986"
"MONMOUTH GENERAL HOSPITAL","4.986"
"ROSS ON WYE COMMUNITY HOSPITAL","4.986"
"LUDLOW HOSPITAL","6.167"
"LLANDRINDOD WELLS HOSPITAL","4.986"
"BRIDGNORTH HOSPITAL","6.167"
"WINFIELD HOSPITAL","4.986"
"TEWKESBURY HOSPITAL","4.986"
"ST JOSEPH'S HOSPITAL","4.986"
"BUILTH WELLS HOSPITAL","4.986"
"THE DROITWICH SPA HOSPITAL","6.167"
"KNIGHTON COMMUNITY HOSPITAL","4.986"
"NUFFIELD HEALTH SHREWSBURY HOSPITAL","4.986"
"COVENTRY & WARWICKS HOSPITAL FACILITIES","4.235"
"HINCKLEY & DISTRICT HOSPITAL","4.235"
"NORWICH COMMUNITY HOSPITAL","4.023"
"NORFOLK & NORWICH UNIVERSITY HOSPITAL","4.023"
"NORTH WALSHAM COTTAGE HOSPITAL","4.023"
"JAMES PAGET HOSPITAL","4.023"
"SPIRE PRIVATE HOSPITAL","4.023"
"CROMER HOSPITAL","4.023"
"KELLING HOSPITAL","4.023"
"BECCLES HOSPITAL","4.023"
"FAIRFIELD GENERAL HOSPITAL","5.48"
"ROYAL BOLTON HOSPITAL","5.734"
"BUXTON COTTAGE HOSPITAL","5.209"
"OAKLANDS HOSPITAL","5.813"
"BRIDGEWATER HOSPITAL","5.813"
"BEAUMONT HOSPITAL","6.085"
"BEARDWOOD HOSPITAL","6.085"
"SHIREHILL HOSPITAL","5.564"
"SAVERNAKE HOSPITAL","5.499"
"THE GREAT WESTERN HOSPITAL","5.346"
"DEVIZES COMMUNITY HOSPITAL","5.346"
"MELKSHAM COMMUNITY HOSPITAL","5.346"
"CHIPPENHAM COMMUNITY HOSPITAL","5.346"
"TROWBRIDGE COMMUNITY HOSPITAL","5.346"
"FAIRFORD HOSPITAL","5.142"
"PAULTON MEMORIAL HOSPITAL","5.499"
"WARMINSTER COMMUNITY HOSPITAL","5.346"
"WESTBURY COMMUNITY HOSPITAL","5.346"
"CIRENCESTER HOSPITAL","5.142"
"RIDGEWAY HOSPITAL","5.499"
"LORD MAYOR TRELOAR HOSPITAL","5.132"
"ALTON HOSPITAL ACUTE SERVICES","5.132"
"BASINGSTOKE AND NORTH HAMPSHIRE HOSPITAL","5.163"
"CHASE ACUTE OUTPATIENTS HOSPITAL","5.132"
"ROMSEY HOSPITAL","5.132"
"SARUM ROAD HOSPITAL","5.132"
"PHYSIO LIVINGSTONE COMMUNITY HOSPITAL","4.054"
"MAIDSTONE HOSPITAL","4.123"
"MEDWAY MARITIME HOSPITAL","3.657"
"CHELSFIELD PARK HOSPITAL","4.123"
"ERITH & DISTRICT HOSPITAL","4.054"
"FAWKHAM MANOR HOSPITAL","4.123"
"GUEST HOSPITAL","3.633"
"CORBETT HOSPITAL","3.633"
"WEST MIDLANDS HOSPITAL","3.633"
"WORDSLEY HOSPITAL MEDICINE","3.633"
"WORDSLEY HOSPITAL SURGERY","3.633"
"WORKINGTON COMMUNITY HOSPITAL","5.112"
"ALSTON HOSPITAL","5.345"
"KESWICK HOSPITAL","5.345"
"PENRITH HOSPITAL","5.704"
"BRAMPTON HOSPITAL","5.345"
"PCAS ALSTON HOSPITAL","5.345"
"WIGTON HOSPITAL","5.345"
"WEST CUMBERLAND HOSPITAL","4.331"
"MARYPORT HOSPITAL","5.345"
"COCKERMOUTH HOSPITAL","5.345"
"MILLOM HOSPITAL","4.918"
"MARY HEWETSON COTTAGE HOSPITAL","5.345"
"COCKERMOUTH COTTAGE HOSPITAL","5.345"
"MARYPORT COTTAGE HOSPITAL","5.345"
"RUTH LANCASTER JAMES HOSPITAL","5.345"
"WESTMORLAND GENERAL HOSPITAL","4.693"
"MARKET HARBOROUGH DISTRICT HOSPITAL","4.455"
"WOODLAND HOSPITAL","4.455"
"KETTERING GENERAL HOSPITAL","4.45"
"ISEBROOK HOSPITAL","4.455"
"ST EDMUND'S HOSPITAL","4.511"
"DANETRE HOSPITAL (OUT-PATIENTS)","4.511"
"CORBY COMMUNITY HOSPITAL","4.511"
"HORTON GENERAL HOSPITAL","4.478"
"DANETRE HOSPITAL OPD","4.511"
"WESTMINSTER MEMORIAL HOSPITAL","5.194"
"FORDINGBRIDGE HOSPITAL","5.194"
"ROYAL BOURNMOUTH HOSPITAL","5.194"
"BLANDFORD HOSPITAL","5.194"
"POOLE GENERAL HOSPITAL","5.194"
"ST MARY'S GENERAL HOSPITAL","5.194"
"THE RIDGEWAY HOSPITAL","4.819"
"RETFORD HOSPITAL","4.466"
"ROTHERHAM DISTRICT HOSPITAL","4.466"
"TICKHILL ROAD HOSPITAL","4.466"
"SHEPPEY COMMUNITY HOSPITAL","4.232"
"SITTINGBOURNE HOSPITAL","4.192"
"SPIRE ALEXANDRA HOSPITAL","4.192"
"EDENBRIDGE HOSPITAL","4.192"
"CROWBOROUGH HOSPITAL","4.192"
"SHIRLEY OAKS HOSPITAL","3.892"
"THE SLOANE HOSPITAL","4.192"
"NUFFIELD HEALTH - TUNBRIDGE WELLS HOSPITAL","4.192"
"THE SOMERFIELD HOSPITAL","4.192"
"ONE ASHFORD HOSPITAL","4.985"
"BENENDEN HOSPITAL","3.458"
"BIRMINGHAM CHILDREN'S HOSPITAL","3.646"
"GOOD HOPE HOSPITAL","3.942"
"HOB COMMUNITY CLINICAL PSYCHOLOGY - CITY HOSPITAL","2.848"
"BIRMINGHAM WOMEN'S HOSPITAL","2.848"
"CHELSEA & WESTMINSTER HOSPITAL","3.603"
"WEST MIDDLESEX UNIVERSITY HOSPITAL","4.287"
"THE HILLINGDON HOSPITAL","3.603"
"WEST MIDDLESEX HOSPITAL - GENERAL","3.603"
"A&E WEST MIDDLESEX HOSPITAL","3.603"
"ENT WEST MIDDLESEX HOSPITAL","3.603"
"GUM CLINIC AT WEST MIDDLESEX HOSPITAL","3.603"
"WEST MIDDLESEX HOSPITAL - SURGERY","3.603"
"WEST MIDDLESEX HOSPITAL - MEDICINE","3.603"
"WEST MIDDLESEX HOSPITAL - OBS & GYNAE","3.603"
"WEST MIDDLESEX HOSPITAL - PAEDIATRICS","3.603"
"SEXUAL HEALTH SUTTON ST HELLIER HOSPITAL","3.603"
"ST. MARGARET'S HOSPITAL","6.347"
"HERTS & ESSEX COMMUNITY HOSPITAL","6.347"
"SAFFRON WALDEN COMMUNITY HOSPITAL","6.347"
"PRINCESS ALEXANDRA PRIVATE HOSPITAL","6.347"
"ST BARTHOLOMEWS HOSPITAL","2.697"
"ST CLEMENTS HOSPITAL","2.697"
"HOMERTON UNIVERSITY HOSPITAL","2.697"
"QE AT ENDOSCOPY COBALT HOSPITAL","5.46"
"MONKWEARMOUTH HOSPITAL","5.46"
"BENSHAM HOSPITAL","5.169"
"DUNSTON HILL HOSPITAL","5.46"
"LEEDS DENTAL HOSPITAL","5.047"
"SPIRE LEEDS HOSPITAL","5.047"
"ST JAMES'S UNIVERSITY HOSPITAL","5.047"
"SEACROFT HOSPITAL","5.047"
"YORK DISTRICT HOSPITAL","5.047"
"DIANA PRINCESS OF WALES HOSPITAL","5.047"
"THE PRINCESS ROYAL HOSPITAL","6.198"
"PINDERFIELDS GENERAL HOSPITAL","4.629"
"WHELLEY HOSPITAL","6.244"
"RENACRES HOSPITAL","6.244"
"THE HIGHFIELD HOSPITAL","6.244"
"THE BEAUMONT HOSPITAL","6.244"
"BIRMINGHAM CITY HOSPITAL","5.035"
"THE EDGBASTON HOSPITAL","5.035"
"SANDWELL GENERAL HOSPITAL","5.254"
"HEARTLANDS HOSPITAL","5.035"
"SOLIHULL HOSPITAL","5.035"
"MEDICAL DAY HOSPITAL","5.035"
"SAMUEL JOHNSON HOSPITAL","5.035"
"THE ROYAL VICTORIA HOSPITAL","5.035"
"ROYAL ORTHOPAEDIC HOSPITAL","5.035"
"UNIVERSITY COLLEGE HOSPITAL","3.623"
"UCLH OUTREACH: THE LISTER HOSPITAL","3.623"
"UCLH OUTREACH: PORTLAND HOSPITAL","3.623"
"UCLH OUTREACH: LONDON BRIDGE HOSPITAL","3.623"
"UCLH OUTREACH - LONDON INDEPENDENT HOSPITAL","3.623"
"UCLH OUTREACH: ST MARY'S HOSPITAL","3.623"
"UCLH OUTREACH: THE WHITTINGTON HOSPITAL","3.623"
"UCLH OUTREACH: THE PRINCESS GRACE HOSPITAL","3.623"
"UCLH OUTREACH: EDGEWARE COMMUNITY HOSPITAL","3.623"
"UCLH OUTREACH: ROYAL BERKSHIRE HOSPITAL","3.623"
"UCLH OUTREACH: ASHFORD & ST PETER'S HOSPITAL","3.623"
"THE EASTMAN DENTAL HOSPITAL","3.623"
"UCLH OUTREACH: BMI BISHOPS WOOD HOSPITAL","3.623"
"OUTREACH: FINCHLEY MEMORIAL HOSPITAL","3.623"
"UCLH OUTREACH: HAREFIELD HOSPITAL","3.623"
"HOMEOPATHIC HOSPITAL","3.623"
"NATIONAL HOSPITAL FOR NEUROLOGY & NEUROSURGERY - QUEEN SQUARE","3.623"
"UCLH OUTREACH: ST PANCRAS HOSPITAL","3.623"
"HOSPITAL FOR TROPICAL DISEASES","3.623"
"UCLH OUTREACH: BMI THE GARDEN HOSPITAL","3.623"
"OUTREACH: TUNBRIDGE WELLS HOSPITAL","3.623"
"UCLH OUTREACH: THE WELLINGTON HOSPITAL","3.623"
"NEWCASTLE DENTAL HOSPITAL","4.879"
"GREAT NORTH CHILDREN'S HOSPITAL","4.879"
"WANSBECK GENERAL HOSPITAL","4.879"
"HEXHAM GENERAL HOSPITAL","4.231"
"CHESTER-LE-STREET COMMUNITY HOSPITAL","4.879"
"ALNWICK COMMUNITY HOSPITAL","4.231"
"NORTH TYNESIDE GENERAL HOSPITAL","4.231"
"MORPETH COTTAGE HOSPITAL","4.879"
"UNIVERSITY HOSPITAL OF NORTH TEES","5.606"
"JAMES COOK UNIVERSITY HOSPITAL","4.879"
"BISHOP AUCKLAND GENERAL HOSPITAL","5.65"
"DARLINGTON MEMORIAL HOSPITAL","5.502"
"DRYBURN HOSPITAL","4.879"
"KESWICK COMMUNITY HOSPITAL","4.879"
"WALKERGATE PARK HOSPITAL - OUTREACH CLINIC","4.879"
"PENRITH COMMUNITY HOSPITAL","4.879"
"BMI WOODLANDS HOSPITAL","4.879"
"DELANCEY HOSPITAL","4.785"
"GLOUCESTERSHIRE ROYAL HOSPITAL","4.785"
"STANDISH HOSPITAL SITE","4.785"
"WINCHCOMBE HOSPITAL","4.785"
"BERKELEY HOSPITAL","4.785"
"MOORE COTTAGE HOSPITAL","4.785"
"MORETON-IN-MARSH HOSPITAL SITE","4.785"
"STROUD GENERAL HOSPITAL","4.785"
"STROUD MATERNITY HOSPITAL","4.785"
"DILKE MEMORIAL HOSPITAL","4.785"
"LYDNEY & DISTRICT HOSPITAL SITE","4.785"
"BRONLLYS HOSPITAL","4.785"
"BUILTH WELLS COTTAGE HOSPITAL","4.785"
"VALE HOSPITAL","4.785"
"NORTH COTSWOLD HOSPITAL","4.614"
"TEWKESBURY COMMUNITY HOSPITAL","4.785"
"GREAT WESTERN HOSPITAL","4.614"
"ASH COURT, NORTH TYNESIDE GENERAL HOSPITAL - PRESCRIBING","3.583"
"SIR G.B. HUNTER MEMORIAL HOSPITAL - PRESCRIBING","3.583"
"COBALT HOSPITAL","3.583"
"HALTWHISTLE HOSPITAL - PRESCRIBING","3.583"
"FP 10 ACUTE CHILD HEALTH, NORTH TYNESIDE GENERAL HOSPITAL","3.583"
"NORTHUMBRIA SPECIALIST EMERGENCY CARE HOSPITAL","3.583"
"PRIORY DAY HOSPITAL","3.583"
"ASHINGTON HOSPITAL","3.583"
"HALTWHISTLE WAR MEMORIAL HOSPITAL","3.583"
"BLYTH COMMUNITY HOSPITAL","5.002"
"WANSBECK HOSPITAL","3.583"
"ROTHBURY COMMUNITY HOSPITAL","3.583"
"SIR G B HUNTER MEMORIAL HOSPITAL","3.583"
"ST OSWALDS HOSPITAL","5.357"
"ILKESTON COMMUNITY HOSPITAL","5.786"
"RIPLEY HOSPITAL","5.357"
"BABINGTON HOSPITAL","5.357"
"SIR ROBERT PEEL COMMUNITY HOSPITAL","5.357"
"SAMUEL JOHNSON COMMUNITY HOSPITAL","5.357"
"FLORENCE NIGHTINGALE COMMUNITY HOSPITAL","5.357"
"ROYAL DERBY HOSPITAL","5.357"
"CHURCHILL HOSPITAL","4.444"
"ABINGDON COMMUNITY HOSPITAL","4.444"
"OXFORD CITY COMMUNITY HOSPITAL","4.444"
"CHIPPING NORTON COMMUNITY HOSPITAL","4.444"
"THAME COMMUNITY HOSPITAL","4.444"
"DIDCOT COMMUNITY HOSPITAL","4.444"
"BICESTER COMMUNITY HOSPITAL","4.444"
"ROYAL NATIONAL ORTHOPAEDIC HOSPITAL","4.444"
"BRACKLEY COMMUNITY HOSPITAL","4.444"
"WITNEY COMMUNITY HOSPITAL","4.444"
"FARINGDON DAY HOSPITAL","4.444"
"ROYAL VICTORIA HOSPITAL","3.585"
"ST JAMES' S UNIVERSITY HOSPITAL","4.444"
"ROYAL EDINBURGH HOSPITAL","4.444"
"MILTON KEYNES UNIVERSITY HOSPITAL","4.444"
"BRISTOL SPIRE HOSPITAL","4.444"
"BATTLE HOSPITAL","4.444"
"UPTON COMMUNITY HOSPITAL","4.444"
"HENLEY (TOWNLANDS) COMMUNITY HOSPITAL","4.444"
"NORTHAMPTON GENERAL HOSPITAL","4.838"
"WYCOMBE GENERAL HOSPITAL","4.444"
"RENAL CLINIC - ROYAL FREE HOSPITAL","4.444"
"BLETCHLEY COMMUNITY HOSPITAL","4.444"
"THE FOSCOTE HOSPITAL","4.444"
"WALTON COMMUNITY HOSPITAL","4.139"
"WEYBRIDGE COMMUNITY HOSPITAL","4.139"
"RUNNYMEDE HOSPITAL","4.139"
"PRINCESS MARGARET HOSPITAL","4.139"
"HASLEMERE & DISTRICT HOSPITAL","4.139"
"THE LISTER HOSPITAL","4.958"
"OXTED & LIMPSFIELD HOSPITAL","4.246"
"CATERHAM DENE HOSPITAL","4.246"
"DORKING HOSPITAL","4.246"
"NORTH DOWNS HOSPITAL","3.92"
"PCH - PETERLEE COMMUNITY HOSPITAL","6.422"
"ECH - EAST CLEVELAND HOSPITAL","6.422"
"DUCHESS OF KENT HOSPITAL","6.422"
"TEES VALLEY HOSPITAL","6.422"
"WEST LANE HOSPITAL","6.422"
"RUTSON HOSPITAL","6.422"
"REDCAR PRIMARY CARE HOSPITAL","6.169"
"CARTER BEQUEST PRIMARY CARE HOSPITAL","6.422"
"LAMBERT MEMORIAL COMMUNITY HOSPITAL","6.422"
"SEDGEFIELD COMMUNITY HOSPITAL","5.814"
"FREEMAN ROAD HOSPITAL","6.422"
"NORTH CUMBRIA UNIVERSITY HOSPITAL","6.422"
"NUFFIELD TEES HOSPITAL","6.422"
"GUISBOROUGH GENERAL HOSPITAL","6.169"
"THE JAMES COOK UNIVERSITY HOSPITAL","6.422"
"QUEEN VICTORIA HOSPITAL","4.366"
"FURNESS GENERAL HOSPITAL","4.367"
"HAM GREEN HOSPITAL","4.785"
"LYDNEY HOSPITAL SITE","4.785"
"GLOUCESTER HOUSE/ DORIAN DAY HOSPITAL","4.785"
"THE BRISTOL NUFFIELD HOSPITAL","4.785"
"COSSHAM HOSPITAL","4.785"
"MANOR PARK HOSPITAL","4.785"
"BURDEN NEUROLOGICAL HOSPITAL","4.785"
"ROCKWELL DAY HOSPITAL","4.785"
"THE ELMS DAY HOSPITAL","4.785"
"GLENSIDE HOSPITAL","4.785"
"BARROW HOSPITAL","4.785"
"BATH MINERAL HOSPITAL","4.785"
"BRISTOL DENTAL HOSPITAL","4.785"
"BRISTOL CHILDREN'S HOSPITAL","4.815"
"DERRISFORD HOSPITAL","4.785"
"TIVERTON & DISTRICT HOSPITAL","4.785"
"ST HELIER HOSPITAL","4.748"
"SUTTON HOSPITAL","3.593"
"DORKING GENERAL HOSPITAL","3.593"
"THE NEW EPSOM & EWELL COTTAGE HOSPITAL","3.593"
"LEATHERHEAD HOSPITAL","3.593"
"SURBITON HOSPITAL","3.593"
"ST PETERS HOSPITAL","3.593"
"THE OLD COTTAGE HOSPITAL","3.593"
"WILSON HOSPITAL","3.593"
"MAYDAY HOSPITAL","3.593"
"FLEET COMMUNITY HOSPITAL","3.593"
"ROYAL MARSDEN HOSPITAL","3.593"
"MOLSEY HOSPITAL","3.593"
"BUCKLAND HOSPITAL","4.252"
"QUEEN ELIZABETH THE QUEEN MOTHER HOSPITAL","5.778"
"FAVERSHAM COTTAGE HOSPITAL","4.252"
"KENT & CANTERBURY HOSPITAL","4.252"
"THE MAIDSTONE HOSPITAL","4.252"
"MEDWAY HOSPITAL","5.778"
"THE BMI CHAUCER HOSPITAL","5.778"
"SITTINGBOURNE MEMORIAL HOSPITAL","4.252"
"WHITSTABLE & TANKERTON HOSPITAL","5.778"
"SPENCER PRIVATE HOSPITAL QEQM - ENT OUTPATIENTS","5.778"
"VICTORIA HOSPITAL","4.252"
"RENAL - MEDWAY HOSPITAL","5.778"
"UROLOGY- SITTINGBOURNE MEMORIAL HOSPITAL","5.778"
"PETERLEE COMMUNITY HOSPITAL","5.561"
"THE FRIARAGE HOSPITAL","5.916"
"THE EAST RIDING COMMUNITY HOSPITAL","7.296"
"WITHERNSEA HOSPITAL","7.296"
"HORNSEA COTTAGE HOSPITAL","7.296"
"GOOLE DISTRICT HOSPITAL","7.296"
"BRIDLINGTON HOSPITAL","7.296"
"MALTON, NORTON & DISTRICT HOSPITAL","7.296"
"YORK TEACHING HOSPITAL","7.296"
"LOUTH HOSPITAL MEDICINE","7.007"
"LOUTH HOSPITAL ADMISSIONS","7.007"
"LOUTH HOSPITAL SURGERY","7.007"
"ST GEORGES HOSPITAL","7.007"
"SKEGNESS & DISTRICT GENERAL HOSPITAL","7.007"
"WELLAND HOSPITAL","7.007"
"HOLBEACH HOSPITAL","7.007"
"GRANTHAM & DISTRICT HOSPITAL","7.007"
"THE JOHNSON COMMUNITY HOSPITAL","7.007"
"ASHBY AND DISTRICT HOSPITAL","5.231"
"COALVILLE COMMUNITY HOSPITAL","5.231"
"FEILDING PALMER HOSPITAL","5.231"
"MARKET HARBOROUGH AND DISTRICT HOSPITAL","5.231"
"LOUGHBOROUGH HOSPITAL","5.231"
"MELTON MOWBRAY HOSPITAL","5.231"
"RUTLAND MEMORIAL HOSPITAL","5.231"
"RMH DAY HOSPITAL","5.231"
"PRESTON HALL HOSPITAL","2.725"
"EDENBRIDGE WAR MEMORIAL HOSPITAL","2.725"
"CROWBOROUGH WAR MEMORIAL HOSPITAL","3.508"
"HAWKHURST HOSPITAL","3.508"
"TONBRIDGE COTTAGE HOSPITAL STROKE UNIT","2.725"
"UCKFIELD HOSPITAL","3.768"
"QUEEN VICTORIA MEMORIAL HOSPITAL","2.725"
"WHITSTABLE AND TANKERTON HOSPITAL","2.725"
"HOMOEOPATHIC HOSPITAL","2.725"
"QEQM HOSPITAL","2.725"
"WILLIAM HARVEY HOSPITAL","2.725"
"THE TUNBRIDGE WELLS HOSPITAL","2.725"
"ST ALBANS CITY HOSPITAL","4.511"
"SPIRE BUSHEY HOSPITAL","4.511"
"HEMEL HEMPSTEAD HOSPITAL","4.511"
"POTTERS BAR COMMUNITY HOSPITAL","4.511"
"SPIRE HARPENDEN HOSPITAL","4.511"
"BISHOPS WOOD HOSPITAL","6.731"
"E&N HERTS ACTIVITY AT PRINCESS ALEXANDRA HOSPITAL","6.731"
"QUEEN ELIZABETH I I HOSPITAL","6.731"
"HERTFORD COUNTY HOSPITAL","6.731"
"ST THOMAS HOSPITAL","5.035"
"CAVENDISH HOSPITAL","5.035"
"CHEADLE ROYAL HOSPITAL","5.035"
"SHIRE HILL HOSPITAL","5.035"
"EVESHAM COMMUNITY HOSPITAL","6.498"
"TENBURY COMMUNITY HOSPITAL","6.498"
"MALVERN COMMUNITY HOSPITAL","6.498"
"PRINCESS OF WALES COMMUNITY HOSPITAL","6.498"
"PERSHORE COMMUNITY HOSPITAL","6.498"
"KIDDERMINSTER HOSPITAL","6.498"
"ST HELEN'S HOSPITAL","6.229"
"STRETFORD MEMORIAL HOSPITAL","6.229"
"ALTRINCHAM GENERAL HOSPITAL","6.229"
"HOLMEVALLEY MEMORIAL HOSPITAL","3.877"
"ST LUKE'S HOSPITAL","3.877"
"SPIRE HOSPITAL","3.877"
"ILKLEY CORONATION HOSPITAL","3.877"
"DEWSBURY & DISTRICT HOSPITAL","4.419"
"KINGS MILL HOSPITAL SITE","6.215"
"THE SPIRE HOSPITAL NOTTINGHAM (NUH)","6.215"
"CONQUEST HOSPITAL","4.68"
"AMBERSTONE HOSPITAL (SITE)","4.29"
"CASTLEFORD, NORMANTON & DISTRICT HOSPITAL","4.962"
"GOOLE & DISTRICT HOSPITAL","4.962"
"CITY HOSPITAL","5.473"
"QUEEN ELIZABETH NEW HOSPITAL","5.473"
"OLD QUEEN ELIZABETH HOSPITAL","5.473"
"SELLY OAK HOSPITAL","5.473"
"FLEETWOOD HOSPITAL","5.604"
"CLIFTON HOSPITAL","5.136"
"WESHAM HOSPITAL REHABILITATION UNIT","5.604"
"BISPHAM HOSPITAL REHABILITATION UNIT","5.604"
"ROSSALL HOSPITAL REHABILITATION UNIT","5.604"
"BURNLEY GENERAL HOSPITAL","4.861"
"LANCASHIRE BOWEL CANCER SCREENING PROGRAMME - BLACKPOOL VICTORIA HOSPITAL","5.604"
"LANCASHIRE BOWEL CANCER SCREENING PROGRAMME - CLIFTON HOSPITAL","5.604"
"LANCASHIRE BOWEL CANCER SCREENING PROGRAMME - FLEETWOOD HOSPITAL","5.604"
"LANCASHIRE BOWEL SCREENING SERVICE (EUXTON HALL HOSPITAL)","5.604"
"LANCASHIRE BOWEL SCREENING SERVICE - CLITHEROE HOSPITAL","5.604"
"LANCS BOWEL CANCER SCREENING - BURNLEY GENERAL HOSPITAL","5.604"
"LANCASHIRE BOWEL SCREENING - CHORLEY & SOUTH RIBBLE HOSPITAL","5.604"
"SEXUAL HEALTH SERVICES - ROYAL PRESTON HOSPITAL","5.604"
"CHORLEY AND SOUTH RIBBLE HOSPITAL","5.604"
"CHORLEY & SOUTH RIBBLE HOSPITAL","4.669"
"ACCRINGTON VICTORIA HOSPITAL","4.49"
"ROYAL BLACKBURN HOSPITAL","4.49"
"LYTHAM HOSPITAL","4.669"
"QUEENS PARK HOSPITAL","4.669"
"PENDLE COMMUNITY HOSPITAL","4.49"
"NEW RICHARDSON HOSPITAL","5.206"
"HUNDENS LANE DAY HOSPITAL - DARLINGTON","5.206"
"WEARDALE HOSPITAL","5.206"
"CHESTER LE STREET HOSPITAL","5.206"
"HORN HALL HOSPITAL","5.206"
"RICHARDSON HOSPITAL","5.206"
"SOUTH MOOR HOSPITAL SITE","5.206"
"DURHAM COMMUNITY HOSPITAL","5.206"
"INPATIENT - BISHOP AUCKLAND HOSPITAL","5.206"
"INPATIENT - DARLINGTON MEMORIAL HOSPITAL","5.206"
"INPATIENT - UNIVERSITY HOSPITAL OF NORTH DURHAM","5.206"
"REHABILITATION WARD - CLS COMMUNITY HOSPITAL","5.206"
"RYHOPE GENERAL HOSPITAL","5.206"
"CHESHAM HOSPITAL (OP)","4.511"
"THAME HOSPITAL","4.511"
"CHALFONT HOSPITAL","4.511"
"CHILTERN HOSPITAL","4.511"
"PADDOCKS HOSPITAL","4.511"
"CLITHEROE COMMUNITY HOSPITAL","4.311"
"LONGRIDGE COMMUNITY HOSPITAL","4.311"
"WHITCHURCH HOSPITAL","7.348"
"ROBERT JONES & AGNES HUNT ORTHOPAEDIC & DISTRICT HOSPITAL","7.348"
"HAMMERSMITH HOSPITAL","5.12"
"QUEEN CHARLOTTE'S HOSPITAL","5.12"
"ST CHARLES HOSPITAL","5.12"
"SAMARITAN HOSPITAL FOR WOMEN","5.12"
"WESTERN EYE HOSPITAL","5.12"
"CARDIOLOGY - ST MARY'S HOSPITAL","5.12"
"NEUROLOGY - ST MARY'S HOSPITAL","5.12"
"RENAL - ST MARY'S HOSPITAL","5.12"
"CHILDRENS AMBULATORY UNIT QUEEN CHARLOTTES HOSPITAL","5.12"
"GYNAECOLOGY AND FERTILITY QUEEN CHARLOTTES HOSPITAL","5.12"
"OBSTETRICS QUEEN CHARLOTTES HOSPITAL","5.12"
"BOGNOR WAR MEMORIAL HOSPITAL","5.071"
"GORING HALL HOSPITAL","5.071"
"MIDHURST COMMUNITY HOSPITAL","5.071"
"SOUTHLANDS HOSPITAL","5.071"
"WORTHING HOSPITAL","5.071"
"ZACHARY MERTON HOSPITAL","5.071"
"NUFFIELD HEALTH CHICHESTER HOSPITAL","5.071"
"BURCOT HALL HOSPITAL","5.736"
"CATERHAM DENE COMMUNITY HOSPITAL - SAIS COVID VACCINATION SERVICE","4.246"
"LIVERPOOL SPIRE HOSPITAL","4.612"
"UHCW - THE HARBORNE HOSPITAL","5.971"
"TRAFFORD HOSPITAL ELECTIVE SURGICAL HUB","5.577"
"HINCKLEY AND BOSWORTH COMMUNITY HOSPITAL","5.231"
"VIRTUAL HOSPITAL - VIRTUAL WARD","4.785"
"HARROGATE HOSPITAL","7.244"
"BIDEFORD COMMUNITY HOSPITAL","5.294"
"EAST RIDING COMMUNITY HOSPITAL CDC","7.296"
"THE HARBORNE HOSPITAL","5.035"
"STONEYGATE EYE HOSPITAL","5.231"
"BARTS HOSPITAL AT HOME","5.711"
"LAUNCESTON COMMUNITY HOSPITAL","4.844"
"THE COUNTY HOSPITAL ELECTIVE SURGICAL HUB","6.437"
"CUH AT ROYAL PAPWORTH HOSPITAL","5.93"
"LONDON BRIDGE HOSPITAL","5.071"
"WASALL MANOR HOSPITAL - SAIS COVID VACCINATION SERVICE","4.171"
"THE SHREWSBURY AND TELFORD HOSPITAL NHS TRUST - PREG COV COVID19 TRIALS","7.348"
"TAMESIDE HOSPITAL UROLOGY OUTPATIENTS","5.564"
"FOREST OF DEAN COMMUNITY HOSPITAL","4.785"
"WESTON COMMUNITY HOSPITAL","4.844"
"MOBILE CHEMO UNIT - YORK HOSPITAL","7.244"
"UCKFIELD COMMUNITY HOSPITAL","5.071"
"UNIVERSITY HOSPITALS DORSET - ROYAL BOURNEMOUTH HOSPITAL - COV BOOST COVID19 TRIALS","4.867"
"TUNBRIDGE WELLS HOSPITAL","5.071"
"HOSPITAL@HOME","5.294"
"PRIORY HOSPITAL","5.231"
"BRACKLEY MEDICAL CENTRE & COMMUNITY HOSPITAL","4.444"
"KINGS TREATMENT ROYAL DERBY HOSPITAL ELECTIVE SURGICAL HUB","5.357"
"DARTMOOR BUILDING URGENT TREATMENT CENTRE, DERRIFORD HOSPITAL","6.763"
"RAMSAY EUXTON HALL HOSPITAL","4.669"
"WINCHESTER COUNTY HOSPITAL ELECTIVE SURGICAL HUB","5.132"
"BMI HEALTHCARE - THE HUDDERSFIELD HOSPITAL","3.877"
"RAMSAY FULWOOD HALL HOSPITAL","4.669"
"OPTEGRA MANCHESTER HOSPITAL","3.877"
"KING GEORGE ILFORD QUEENS HOSPITAL ELECTIVE SURGICAL HUB","5.421"
"UTC - GRAVESEND COMMUNITY HOSPITAL","4.054"
"THE ROYAL MARSDEN HOSPITAL","5.071"
"CLAREMONT PRIVATE HOSPITAL","4.41"
"GUYS HOSPITAL - COVID VACCINATION CENTRE","4.974"
"NEWCASTLE UPON TYNE HOSPITAL - JANSSEN COVID19 TRIALS","4.879"
"TRANSFORM - THE PINES HOSPITAL","6.437"
"GSTT @ ELTHAM COMMUNITY HOSPITAL","4.974"
"KINVARA HOSPITAL","6.544"
"LYNFIELD MOUNT HOSPITAL","3.317"
"BIRMINGHAM TREATMENT CENTRE CITY HOSPITAL ELECTIVE SURGICAL HUB","5.473"
"BIRMINGHAM CHILDRENS HOSPITAL","4.986"
"CHELSEA AND WESTMINSTER HOSPITAL NHS FOUNDATION TRUST - NOVAVAX COVID19 TRIAL","3.603"
"HCA WELLINGTON HOSPITAL","7.296"
"AINTREE HOSPITAL","5.819"
"GSTT @ WEST VALLEY HOSPITAL","4.974"
"SIR ROBERT PEEL (SRP) COMMUNITY HOSPITAL ELECTIVE SURGICAL HUB","5.357"
"THE ALEXANDRA HOSPITAL REDDITCH ELECTIVE SURGICAL HUB","6.498"
"CUH AT ST THOMAS' HOSPITAL","5.93"
"PRACTICE PLUS GROUP HOSPITAL","5.231"
"PURLEY HOSPITAL","4.399"
"CWFT SURGICAL HUB - KING EDWARD V11 HOSPITAL","3.603"
"NOTTINGHAM CITY HOSPITAL - CITY CAMPUS ELECTIVE SURGICAL HUB","6.215"
"CUH AT THE PORTLAND HOSPITAL","5.93"
